device_id,vendor_id,device_type,whitelisted,region,created_at
D000001,V0067,SMART_TV,Y,Central,2025-06-19 19:31:02.892453
D000002,V0047,SMART_TV,N,East,2026-04-16 09:57:08.952677
D000003,V0079,WEB,Y,West,2026-03-19 17:21:51.559914
D000004,V0035,SET_TOP_BOX,Y,West,2025-06-07 21:17:13.960645
D000005,V0042,WEB,Y,Central,2026-05-24 03:02:03.577717
D000006,V0061,MOBILE,Y,Central,2026-05-01 22:53:30.662656
D000007,V0067,SET_TOP_BOX,Y,Central,2026-05-06 12:32:10.512235
D000008,V0094,SET_TOP_BOX,Y,West,2025-09-20 22:05:20.546192
D000009,V0011,WEB,Y,South,2025-11-26 05:17:31.326389
D000010,V0060,SMART_TV,N,West,2025-06-20 11:30:00.885188
D000011,V0021,MOBILE,Y,East,2026-05-18 07:47:04.400766
D000012,V0069,MOBILE,N,North,2025-10-21 03:53:18.785987
D000013,V0092,WEB,Y,East,2025-09-11 11:00:53.225045
D000014,V0078,SET_TOP_BOX,Y,South,2025-11-04 16:40:08.136178
D000015,V0008,SMART_TV,Y,South,2025-10-13 05:37:46.092859
D000016,V0036,MOBILE,N,North,2025-06-24 08:23:23.239781
D000017,V0086,SMART_TV,Y,East,2026-03-05 02:32:29.318005
D000018,V0085,SET_TOP_BOX,N,North,2025-08-18 02:17:50.600267
D000019,V0026,WEB,N,Central,2026-04-12 04:15:19.393505
D000020,V0092,SMART_TV,Y,North,2026-02-03 00:08:18.255034
D000021,V0056,MOBILE,Y,West,2026-03-15 19:27:16.560026
D000022,V0027,MOBILE,Y,Central,2026-01-26 05:03:21.089231
D000023,V0088,WEB,N,Central,2026-02-07 09:57:50.218196
D000024,V0045,WEB,Y,South,2026-03-22 20:38:39.207743
D000025,V0030,SET_TOP_BOX,N,North,2025-08-16 01:33:59.492220
D000026,V0047,SMART_TV,N,South,2025-11-04 02:11:13.598290
D000027,V0038,SET_TOP_BOX,Y,Central,2025-11-09 21:15:15.682585
D000028,V0089,SET_TOP_BOX,N,North,2026-03-01 08:34:45.981367
D000029,V0068,SMART_TV,Y,West,2026-03-04 21:28:34.207800
D000030,V0017,MOBILE,Y,Central,2026-03-23 21:06:08.020950
D000031,V0094,SET_TOP_BOX,Y,South,2026-05-09 07:28:17.324813
D000032,V0006,WEB,Y,Central,2025-12-15 00:46:36.810188
D000033,V0071,SMART_TV,Y,Central,2025-08-03 08:59:00.471444
D000034,V0029,SET_TOP_BOX,Y,North,2026-01-09 04:35:43.565617
D000035,V0012,WEB,Y,East,2026-04-15 12:56:47.339953
D000036,V0015,SET_TOP_BOX,N,South,2026-05-25 16:27:39.148661
D000037,V0014,SET_TOP_BOX,Y,South,2025-09-17 19:29:50.164299
D000038,V0096,WEB,Y,South,2025-06-06 15:24:00.939800
D000039,V0041,SET_TOP_BOX,Y,East,2025-12-25 23:41:33.006003
D000040,V0073,SMART_TV,Y,Central,2025-08-03 03:04:05.132956
D000041,V0058,MOBILE,Y,South,2025-07-02 09:24:20.886619
D000042,V0026,MOBILE,Y,North,2025-08-20 05:31:04.723128
D000043,V0090,SET_TOP_BOX,Y,North,2025-12-10 18:17:32.054075
D000044,V0006,SMART_TV,Y,West,2026-01-02 18:18:01.006854
D000045,V0097,SMART_TV,N,West,2026-03-27 11:25:02.378375
D000046,V0100,SET_TOP_BOX,N,South,2026-01-29 17:48:23.460011
D000047,V0098,SET_TOP_BOX,Y,West,2026-05-24 08:42:56.544936
D000048,V0078,MOBILE,Y,West,2025-07-29 01:43:03.002311
D000049,V0030,SET_TOP_BOX,N,West,2025-12-13 17:56:59.943008
D000050,V0067,SMART_TV,Y,North,2025-08-25 14:25:19.164967
D000051,V0034,MOBILE,N,North,2025-08-20 11:26:03.584119
D000052,V0053,SMART_TV,Y,East,2026-02-24 20:06:11.702703
D000053,V0048,WEB,N,East,2026-01-30 08:58:13.933653
D000054,V0060,SET_TOP_BOX,Y,North,2025-06-03 00:00:10.953736
D000055,V0019,MOBILE,Y,North,2026-05-21 16:05:35.484378
D000056,V0063,MOBILE,Y,South,2025-08-21 09:57:37.530873
D000057,V0069,SET_TOP_BOX,Y,East,2025-06-18 20:15:48.563246
D000058,V0064,SET_TOP_BOX,Y,Central,2025-12-11 07:10:42.346549
D000059,V0046,MOBILE,Y,North,2025-09-30 01:06:53.288206
D000060,V0063,MOBILE,Y,Central,2025-06-20 20:58:19.325042
D000061,V0045,SMART_TV,N,Central,2026-04-12 01:33:59.356057
D000062,V0012,SET_TOP_BOX,Y,North,2025-09-04 03:38:34.377516
D000063,V0055,SMART_TV,N,East,2026-03-18 17:09:49.382512
D000064,V0029,SMART_TV,Y,South,2025-12-01 15:09:37.060494
D000065,V0089,WEB,Y,North,2025-06-21 00:08:35.720178
D000066,V0052,WEB,N,Central,2026-04-28 10:27:38.561590
D000067,V0058,MOBILE,Y,North,2025-10-10 08:11:07.304679
D000068,V0011,SET_TOP_BOX,N,Central,2025-07-15 16:21:19.940048
D000069,V0067,WEB,Y,Central,2025-06-07 11:22:02.330479
D000070,V0041,WEB,Y,East,2025-12-19 18:45:55.391233
D000071,V0031,WEB,Y,South,2026-01-03 02:53:30.750075
D000072,V0018,MOBILE,Y,North,2026-01-25 03:26:25.360089
D000073,V0085,MOBILE,Y,East,2025-08-04 06:27:12.526062
D000074,V0043,SET_TOP_BOX,Y,East,2025-08-15 00:56:08.115545
D000075,V0049,SET_TOP_BOX,Y,Central,2025-10-04 13:20:03.678400
D000076,V0100,MOBILE,Y,North,2025-08-28 12:17:40.966179
D000077,V0087,MOBILE,Y,South,2026-05-02 00:13:42.940577
D000078,V0088,SET_TOP_BOX,Y,West,2025-08-27 19:52:14.151597
D000079,V0078,MOBILE,Y,West,2025-08-18 14:01:55.393209
D000080,V0066,SET_TOP_BOX,Y,East,2026-05-13 05:22:55.635068
D000081,V0059,MOBILE,Y,Central,2026-02-22 19:39:40.963387
D000082,V0004,SET_TOP_BOX,Y,Central,2025-06-07 06:26:01.482128
D000083,V0045,MOBILE,Y,Central,2025-06-26 08:43:09.067405
D000084,V0036,SMART_TV,N,East,2025-07-16 05:31:34.927706
D000085,V0009,MOBILE,Y,North,2025-06-26 10:17:15.017501
D000086,V0100,SET_TOP_BOX,Y,North,2025-10-06 21:47:07.520703
D000087,V0031,MOBILE,N,East,2026-01-06 11:32:58.154343
D000088,V0017,SET_TOP_BOX,Y,East,2026-05-21 09:32:09.922935
D000089,V0031,WEB,Y,North,2025-07-27 01:56:06.231737
D000090,V0068,WEB,Y,East,2025-09-06 02:20:46.363570
D000091,V0025,SMART_TV,Y,North,2025-07-30 04:06:38.467920
D000092,V0014,SET_TOP_BOX,Y,South,2026-04-11 19:28:18.007519
D000093,V0018,SMART_TV,Y,Central,2025-10-10 13:28:05.851038
D000094,V0003,SET_TOP_BOX,Y,Central,2025-06-02 02:05:22.947209
D000095,V0051,WEB,N,South,2026-01-10 21:45:09.939477
D000096,V0074,SET_TOP_BOX,Y,East,2025-12-28 16:55:27.743220
D000097,V0070,WEB,N,Central,2025-09-27 15:42:43.406556
D000098,V0080,SET_TOP_BOX,Y,North,2025-08-16 05:12:04.886248
D000099,V0083,SMART_TV,Y,South,2025-06-08 03:09:09.870283
D000100,V0011,SET_TOP_BOX,Y,South,2025-12-25 12:57:37.537019
D000101,V0080,WEB,Y,West,2025-11-25 13:16:47.276467
D000102,V0008,WEB,Y,Central,2025-10-26 10:17:08.045184
D000103,V0020,SMART_TV,Y,North,2026-04-11 01:27:45.825261
D000104,V0025,SMART_TV,Y,West,2025-08-16 08:19:58.863617
D000105,V0015,MOBILE,Y,West,2025-10-27 02:04:41.782312
D000106,V0038,WEB,Y,North,2026-05-25 01:34:55.072718
D000107,V0044,SET_TOP_BOX,Y,South,2025-06-14 01:03:09.301932
D000108,V0032,SET_TOP_BOX,Y,East,2025-08-12 08:26:34.267005
D000109,V0009,SET_TOP_BOX,Y,East,2026-01-16 03:15:00.557989
D000110,V0088,WEB,N,South,2026-03-22 12:43:51.042988
D000111,V0068,SMART_TV,Y,North,2025-11-24 23:44:55.625161
D000112,V0074,SET_TOP_BOX,Y,East,2026-04-24 10:58:05.102948
D000113,V0017,SMART_TV,N,West,2026-05-17 00:50:15.657775
D000114,V0070,MOBILE,Y,East,2026-01-16 07:42:11.690635
D000115,V0009,WEB,Y,Central,2025-06-04 20:19:04.340399
D000116,V0052,SMART_TV,N,South,2025-08-20 08:49:01.594895
D000117,V0060,MOBILE,Y,Central,2025-12-04 10:04:14.802732
D000118,V0080,SMART_TV,N,East,2026-03-15 17:29:12.861902
D000119,V0067,SMART_TV,Y,East,2025-08-18 05:28:50.172012
D000120,V0023,SET_TOP_BOX,Y,South,2026-03-04 22:02:08.634955
D000121,V0029,WEB,N,North,2025-09-10 06:45:40.141182
D000122,V0066,SMART_TV,N,South,2025-09-06 17:41:43.525375
D000123,V0004,MOBILE,Y,East,2025-09-24 15:54:00.398927
D000124,V0067,SMART_TV,Y,South,2026-05-17 16:23:14.665187
D000125,V0002,SMART_TV,N,West,2026-04-22 19:41:22.161329
D000126,V0070,SET_TOP_BOX,N,East,2026-04-09 12:43:06.123144
D000127,V0015,WEB,Y,South,2026-04-26 02:42:43.447050
D000128,V0083,MOBILE,N,East,2026-01-12 11:47:36.438369
D000129,V0051,SMART_TV,N,Central,2025-12-19 06:11:23.775151
D000130,V0070,MOBILE,Y,North,2025-12-22 02:40:05.083981
D000131,V0034,WEB,Y,North,2025-07-03 22:45:06.375754
D000132,V0060,SET_TOP_BOX,N,Central,2025-10-09 02:45:52.363763
D000133,V0077,SET_TOP_BOX,Y,East,2026-02-07 04:15:41.237923
D000134,V0090,SET_TOP_BOX,N,North,2025-06-22 12:21:59.599115
D000135,V0030,SET_TOP_BOX,Y,Central,2025-12-03 07:29:42.221869
D000136,V0065,SMART_TV,Y,North,2025-06-16 16:43:35.337446
D000137,V0035,SMART_TV,Y,North,2026-03-28 23:34:32.378170
D000138,V0066,WEB,Y,West,2025-12-15 00:35:33.274667
D000139,V0087,SMART_TV,Y,Central,2026-04-21 01:21:48.382546
D000140,V0027,SET_TOP_BOX,Y,North,2025-11-30 03:50:34.286086
D000141,V0052,SMART_TV,Y,West,2026-01-29 15:56:01.400013
D000142,V0045,SMART_TV,Y,North,2025-12-14 00:45:06.998560
D000143,V0017,SMART_TV,N,West,2026-01-21 19:51:06.191608
D000144,V0064,SET_TOP_BOX,N,North,2025-08-03 17:15:35.570235
D000145,V0090,MOBILE,N,North,2026-03-01 03:01:29.832037
D000146,V0094,MOBILE,Y,South,2025-07-09 22:40:17.432147
D000147,V0069,WEB,Y,East,2025-09-17 08:17:40.867810
D000148,V0044,SMART_TV,Y,West,2026-01-16 21:42:58.504900
D000149,V0041,MOBILE,N,Central,2025-06-20 15:10:00.459466
D000150,V0098,SMART_TV,Y,West,2025-06-15 08:51:10.158908
D000151,V0060,SET_TOP_BOX,N,South,2025-12-25 02:01:23.710084
D000152,V0034,SET_TOP_BOX,Y,Central,2026-01-04 01:44:59.304700
D000153,V0074,WEB,Y,Central,2026-02-11 00:28:32.491550
D000154,V0008,MOBILE,N,Central,2025-06-25 22:08:06.497673
D000155,V0075,WEB,N,South,2025-12-16 15:27:51.080360
D000156,V0094,SET_TOP_BOX,Y,East,2025-08-25 05:43:39.874432
D000157,V0086,SMART_TV,N,Central,2025-07-20 02:18:51.347121
D000158,V0031,MOBILE,N,West,2025-07-10 10:45:07.737225
D000159,V0022,MOBILE,Y,South,2025-07-25 11:22:44.383908
D000160,V0075,SET_TOP_BOX,Y,East,2026-05-21 21:57:06.267090
D000161,V0069,SMART_TV,Y,North,2026-02-21 07:11:04.211036
D000162,V0055,SMART_TV,Y,East,2026-04-04 09:35:40.344865
D000163,V0074,SET_TOP_BOX,N,Central,2025-10-24 23:19:00.624351
D000164,V0002,SET_TOP_BOX,N,Central,2026-05-13 16:35:45.427482
D000165,V0016,SET_TOP_BOX,Y,East,2025-06-09 18:06:54.108376
D000166,V0031,SET_TOP_BOX,Y,East,2025-06-16 14:49:44.501034
D000167,V0056,MOBILE,Y,Central,2025-06-23 19:58:10.688709
D000168,V0004,WEB,Y,Central,2026-04-06 09:03:06.487828
D000169,V0100,MOBILE,Y,East,2025-12-17 06:29:53.773176
D000170,V0081,SMART_TV,Y,Central,2025-10-02 02:06:52.205423
D000171,V0017,WEB,N,West,2026-03-31 00:35:02.382622
D000172,V0076,SMART_TV,Y,East,2026-01-30 01:29:35.889548
D000173,V0084,MOBILE,N,West,2025-11-10 12:48:54.124530
D000174,V0012,MOBILE,Y,Central,2025-06-02 05:47:58.889140
D000175,V0050,MOBILE,Y,North,2025-10-16 22:17:11.468543
D000176,V0020,SET_TOP_BOX,Y,North,2026-04-05 00:51:35.886359
D000177,V0049,SET_TOP_BOX,N,South,2025-12-26 20:12:37.380139
D000178,V0028,MOBILE,Y,Central,2026-02-19 06:12:44.444821
D000179,V0089,SET_TOP_BOX,Y,West,2026-01-22 01:26:40.303168
D000180,V0052,WEB,Y,Central,2026-05-09 18:01:41.193804
D000181,V0030,MOBILE,Y,North,2025-12-14 06:28:27.347855
D000182,V0024,MOBILE,Y,West,2025-11-08 03:05:23.399556
D000183,V0044,SMART_TV,Y,West,2026-03-24 19:13:12.986811
D000184,V0088,WEB,N,South,2025-12-27 09:20:42.707195
D000185,V0025,WEB,N,North,2025-08-27 11:59:47.793989
D000186,V0035,MOBILE,Y,West,2026-01-11 20:56:58.467445
D000187,V0029,SMART_TV,Y,East,2025-09-09 00:05:44.705107
D000188,V0044,WEB,N,North,2026-04-19 02:30:32.904691
D000189,V0009,SMART_TV,N,East,2026-02-18 17:02:04.785493
D000190,V0046,MOBILE,N,Central,2025-06-10 12:59:16.508400
D000191,V0077,MOBILE,N,West,2025-09-14 10:24:14.614786
D000192,V0046,MOBILE,Y,West,2025-11-24 21:05:53.967059
D000193,V0066,SMART_TV,N,East,2025-10-02 04:33:30.899991
D000194,V0062,MOBILE,Y,North,2026-02-16 22:45:08.577222
D000195,V0068,SMART_TV,Y,West,2025-08-26 23:41:50.593826
D000196,V0075,MOBILE,Y,North,2025-11-21 02:32:34.965471
D000197,V0027,SET_TOP_BOX,Y,North,2025-07-31 07:30:36.982353
D000198,V0093,WEB,Y,Central,2026-03-27 08:10:59.238588
D000199,V0046,SMART_TV,Y,South,2025-09-28 11:16:31.246671
D000200,V0017,SMART_TV,Y,South,2025-07-11 18:31:36.753721
D000201,V0054,SET_TOP_BOX,Y,North,2025-11-05 20:58:14.422096
D000202,V0098,SET_TOP_BOX,Y,North,2026-02-20 01:57:52.283958
D000203,V0031,MOBILE,Y,South,2025-08-02 12:46:31.499481
D000204,V0039,WEB,Y,Central,2026-04-20 19:56:28.590791
D000205,V0062,WEB,N,Central,2025-10-02 08:56:01.447215
D000206,V0098,SMART_TV,Y,North,2025-07-15 08:14:39.922560
D000207,V0082,WEB,Y,South,2025-12-06 12:03:07.812004
D000208,V0043,SMART_TV,Y,West,2026-04-27 15:57:20.980965
D000209,V0096,SMART_TV,N,East,2026-05-21 17:33:13.936684
D000210,V0098,SMART_TV,Y,East,2025-11-28 18:51:14.182524
D000211,V0049,SMART_TV,Y,South,2026-02-24 11:25:26.344785
D000212,V0045,SET_TOP_BOX,Y,West,2025-10-22 17:57:21.655792
D000213,V0001,SMART_TV,N,South,2025-05-29 02:30:02.229046
D000214,V0042,WEB,Y,East,2026-01-19 01:20:09.655582
D000215,V0035,SMART_TV,Y,South,2025-12-12 13:04:51.736484
D000216,V0074,WEB,Y,Central,2025-11-28 19:43:16.962708
D000217,V0093,SET_TOP_BOX,Y,South,2026-05-06 07:20:48.449383
D000218,V0007,SET_TOP_BOX,N,West,2026-05-16 01:39:08.903285
D000219,V0017,WEB,N,Central,2025-12-20 03:29:58.286138
D000220,V0049,SET_TOP_BOX,Y,Central,2025-08-16 00:56:07.358410
D000221,V0089,SET_TOP_BOX,Y,South,2026-03-01 02:19:12.643669
D000222,V0047,WEB,Y,West,2026-05-12 17:56:01.492821
D000223,V0025,MOBILE,Y,Central,2025-06-23 14:59:14.624384
D000224,V0024,MOBILE,Y,North,2025-08-26 01:41:48.137214
D000225,V0006,SET_TOP_BOX,Y,West,2025-11-03 21:23:28.767137
D000226,V0027,SET_TOP_BOX,N,Central,2026-02-06 14:11:19.740574
D000227,V0081,WEB,N,West,2025-09-06 01:27:32.141295
D000228,V0010,MOBILE,Y,Central,2026-05-17 21:08:14.934345
D000229,V0002,MOBILE,Y,East,2026-02-05 11:45:11.745127
D000230,V0053,WEB,N,Central,2025-11-14 11:37:46.730139
D000231,V0038,MOBILE,Y,West,2025-08-07 14:17:22.022918
D000232,V0055,WEB,N,Central,2025-11-28 19:55:05.597822
D000233,V0011,SMART_TV,Y,West,2025-12-29 08:28:18.648899
D000234,V0035,SET_TOP_BOX,Y,North,2026-01-10 19:01:05.297348
D000235,V0061,MOBILE,Y,West,2026-02-27 12:46:12.550044
D000236,V0040,WEB,Y,East,2025-11-14 06:53:30.730186
D000237,V0013,SET_TOP_BOX,Y,East,2025-06-12 17:02:39.564869
D000238,V0099,MOBILE,N,South,2025-08-27 12:33:13.519313
D000239,V0089,MOBILE,Y,East,2025-12-02 19:55:36.516456
D000240,V0066,MOBILE,Y,East,2026-02-16 06:14:06.239182
D000241,V0080,WEB,Y,East,2026-01-05 08:19:40.730740
D000242,V0071,SMART_TV,N,East,2025-11-18 20:40:26.162583
D000243,V0029,SMART_TV,Y,East,2025-08-13 05:53:30.301403
D000244,V0005,WEB,Y,East,2025-09-15 16:10:44.709456
D000245,V0082,MOBILE,Y,South,2026-05-03 07:12:31.147961
D000246,V0003,MOBILE,Y,East,2026-01-12 13:57:43.578919
D000247,V0037,WEB,Y,Central,2025-09-30 15:30:42.585101
D000248,V0063,MOBILE,Y,West,2025-11-21 15:52:10.334265
D000249,V0022,SMART_TV,Y,South,2025-07-09 00:30:24.128330
D000250,V0060,SET_TOP_BOX,Y,West,2026-01-08 01:26:45.749799
D000251,V0011,SET_TOP_BOX,Y,East,2026-04-04 14:28:37.228992
D000252,V0062,SMART_TV,Y,West,2026-02-15 17:31:36.455966
D000253,V0042,MOBILE,Y,South,2026-03-19 23:58:24.804854
D000254,V0099,SMART_TV,Y,Central,2026-01-15 20:01:45.187259
D000255,V0004,SMART_TV,Y,Central,2025-08-30 13:19:50.418358
D000256,V0019,SET_TOP_BOX,Y,East,2026-02-22 09:21:09.505266
D000257,V0044,MOBILE,N,East,2025-08-18 02:02:59.579761
D000258,V0006,SET_TOP_BOX,Y,Central,2025-10-05 08:04:45.744092
D000259,V0092,SMART_TV,Y,East,2025-12-14 09:05:12.106804
D000260,V0054,WEB,Y,East,2025-06-15 20:24:48.560910
D000261,V0066,SMART_TV,Y,Central,2025-11-08 02:22:18.544928
D000262,V0069,SMART_TV,Y,West,2026-05-04 19:43:41.595175
D000263,V0073,MOBILE,N,North,2025-11-14 17:08:44.816889
D000264,V0058,SET_TOP_BOX,Y,South,2025-09-30 21:06:40.870842
D000265,V0096,WEB,Y,North,2025-11-10 14:57:09.009254
D000266,V0062,WEB,Y,East,2026-04-28 18:42:18.890827
D000267,V0050,SMART_TV,N,West,2025-10-12 12:59:09.228021
D000268,V0073,MOBILE,N,Central,2025-06-29 07:46:15.033311
D000269,V0036,MOBILE,Y,South,2026-02-04 05:28:35.126891
D000270,V0062,SET_TOP_BOX,Y,South,2026-04-10 14:17:51.839406
D000271,V0059,SET_TOP_BOX,Y,South,2026-03-17 09:25:42.292038
D000272,V0069,SET_TOP_BOX,Y,Central,2026-05-09 01:51:05.816757
D000273,V0073,MOBILE,Y,North,2026-01-03 10:33:10.019763
D000274,V0015,SMART_TV,Y,East,2025-09-04 05:47:44.078409
D000275,V0055,SET_TOP_BOX,Y,Central,2026-05-11 11:55:18.151666
D000276,V0001,SET_TOP_BOX,N,East,2026-05-02 17:21:44.908062
D000277,V0034,WEB,N,West,2026-03-05 20:26:01.158618
D000278,V0097,WEB,Y,South,2025-12-13 10:06:44.017730
D000279,V0040,MOBILE,Y,East,2026-04-27 09:43:47.382328
D000280,V0021,SMART_TV,Y,North,2025-08-08 13:45:36.748679
D000281,V0031,WEB,Y,East,2025-08-08 06:24:00.973115
D000282,V0055,WEB,Y,East,2025-11-02 22:56:06.764323
D000283,V0015,MOBILE,Y,Central,2026-04-21 09:37:40.820616
D000284,V0055,SET_TOP_BOX,N,Central,2026-04-12 08:49:05.045808
D000285,V0010,SET_TOP_BOX,Y,South,2026-01-23 09:47:32.367435
D000286,V0033,SMART_TV,Y,North,2025-12-25 21:25:16.854329
D000287,V0063,WEB,Y,North,2025-06-29 01:56:50.639458
D000288,V0041,SMART_TV,Y,Central,2026-04-11 13:37:10.558829
D000289,V0042,MOBILE,Y,Central,2025-09-27 23:49:58.637791
D000290,V0006,SMART_TV,Y,South,2026-01-23 19:19:53.271027
D000291,V0094,SMART_TV,Y,West,2025-08-09 10:48:00.776388
D000292,V0067,MOBILE,Y,Central,2026-05-15 01:57:46.193269
D000293,V0036,WEB,N,North,2026-02-24 17:18:22.425704
D000294,V0063,SMART_TV,N,East,2025-08-19 21:01:24.449509
D000295,V0080,SET_TOP_BOX,Y,West,2025-07-05 13:03:58.527520
D000296,V0059,SET_TOP_BOX,Y,South,2025-06-12 21:36:20.617171
D000297,V0056,WEB,Y,East,2025-11-06 13:28:12.712775
D000298,V0083,WEB,N,East,2025-11-04 11:21:17.556896
D000299,V0047,WEB,Y,North,2025-07-19 22:10:38.723066
D000300,V0047,SMART_TV,Y,East,2025-10-03 21:15:00.289229
D000301,V0021,MOBILE,N,South,2026-03-15 02:52:41.580842
D000302,V0024,SET_TOP_BOX,N,Central,2025-10-10 15:45:51.065603
D000303,V0092,SET_TOP_BOX,N,East,2025-06-11 00:57:35.699799
D000304,V0029,SMART_TV,Y,North,2025-08-07 19:50:03.257519
D000305,V0076,SMART_TV,Y,North,2025-07-25 15:37:04.303658
D000306,V0042,WEB,Y,East,2025-10-29 10:13:47.883540
D000307,V0054,SMART_TV,N,Central,2025-08-16 11:01:35.092385
D000308,V0092,WEB,N,West,2025-09-14 04:08:05.331985
D000309,V0044,SMART_TV,Y,Central,2026-03-28 19:38:07.690879
D000310,V0067,SET_TOP_BOX,N,West,2025-07-16 22:03:01.008718
D000311,V0032,WEB,Y,North,2026-02-08 02:24:32.061109
D000312,V0023,SET_TOP_BOX,N,South,2026-03-29 21:27:28.265434
D000313,V0087,SMART_TV,N,West,2025-12-17 05:28:01.040726
D000314,V0015,WEB,Y,West,2025-07-26 12:58:17.351369
D000315,V0086,WEB,N,East,2025-07-10 13:01:53.627035
D000316,V0058,SET_TOP_BOX,Y,North,2025-12-23 15:50:32.938984
D000317,V0089,SMART_TV,Y,West,2025-09-26 19:52:33.293438
D000318,V0091,SMART_TV,N,Central,2025-12-27 10:09:21.478228
D000319,V0031,SET_TOP_BOX,N,East,2025-11-20 03:43:26.247275
D000320,V0042,MOBILE,N,West,2025-08-06 23:53:23.006687
D000321,V0002,SMART_TV,Y,South,2025-10-16 18:13:16.078777
D000322,V0036,SET_TOP_BOX,N,East,2025-12-20 17:54:00.889874
D000323,V0072,SET_TOP_BOX,N,North,2026-01-20 13:21:05.278353
D000324,V0056,SET_TOP_BOX,Y,Central,2025-10-06 09:43:10.499754
D000325,V0060,SMART_TV,Y,West,2025-08-14 06:12:14.566053
D000326,V0054,WEB,Y,East,2026-05-24 11:16:10.057971
D000327,V0004,SMART_TV,Y,East,2025-10-15 22:14:54.651278
D000328,V0065,MOBILE,Y,North,2025-11-01 11:53:52.049352
D000329,V0001,WEB,Y,West,2025-10-06 17:00:04.075513
D000330,V0069,SET_TOP_BOX,Y,South,2025-08-17 09:45:41.763121
D000331,V0022,WEB,Y,North,2026-03-29 23:16:59.538597
D000332,V0006,MOBILE,Y,East,2025-10-14 16:03:34.883312
D000333,V0082,SET_TOP_BOX,Y,West,2025-11-27 23:38:42.740692
D000334,V0030,SET_TOP_BOX,Y,West,2026-01-05 23:47:27.809813
D000335,V0075,SMART_TV,Y,Central,2025-10-30 18:54:13.080451
D000336,V0096,SMART_TV,Y,South,2025-06-01 07:11:24.565499
D000337,V0053,SET_TOP_BOX,Y,East,2026-05-03 10:50:28.507283
D000338,V0066,SMART_TV,Y,North,2025-07-03 15:49:34.310791
D000339,V0100,SET_TOP_BOX,Y,West,2026-03-01 19:53:04.138452
D000340,V0034,SMART_TV,Y,South,2026-03-11 11:11:07.143298
D000341,V0071,SET_TOP_BOX,Y,East,2026-05-09 13:21:25.241321
D000342,V0077,WEB,Y,East,2026-01-30 17:09:58.531824
D000343,V0095,SET_TOP_BOX,Y,North,2025-10-01 22:22:37.870229
D000344,V0070,SMART_TV,N,North,2025-12-24 09:41:24.141719
D000345,V0048,SET_TOP_BOX,N,East,2025-09-05 12:05:43.215360
D000346,V0017,SET_TOP_BOX,Y,Central,2026-03-26 20:19:17.419875
D000347,V0097,WEB,N,Central,2026-04-01 07:23:19.254721
D000348,V0059,SET_TOP_BOX,Y,East,2025-10-17 00:17:11.239422
D000349,V0014,SMART_TV,Y,East,2025-10-30 16:00:44.550734
D000350,V0092,MOBILE,Y,South,2026-02-18 15:38:58.479153
D000351,V0080,WEB,Y,South,2026-03-07 16:02:53.186246
D000352,V0013,SET_TOP_BOX,Y,West,2025-07-29 01:14:45.974580
D000353,V0037,WEB,Y,South,2026-01-19 15:27:09.144228
D000354,V0064,MOBILE,Y,South,2026-05-20 05:55:34.099659
D000355,V0021,MOBILE,Y,North,2025-12-15 17:49:34.126487
D000356,V0085,SMART_TV,Y,South,2025-07-24 02:01:54.916067
D000357,V0069,MOBILE,N,Central,2025-07-04 06:21:01.853781
D000358,V0085,MOBILE,Y,North,2025-06-18 20:36:58.743655
D000359,V0036,WEB,Y,East,2025-09-10 10:37:02.349078
D000360,V0057,SMART_TV,Y,Central,2025-09-13 18:09:58.839866
D000361,V0071,WEB,Y,East,2025-11-21 00:13:36.141448
D000362,V0088,WEB,N,North,2025-07-13 05:36:09.586220
D000363,V0087,MOBILE,Y,North,2026-03-21 02:54:14.520105
D000364,V0009,SMART_TV,Y,North,2025-10-11 13:31:20.405745
D000365,V0050,SMART_TV,Y,North,2025-07-29 17:53:21.836142
D000366,V0011,SMART_TV,N,South,2025-07-07 02:09:21.476034
D000367,V0095,WEB,Y,West,2025-11-24 14:31:11.802358
D000368,V0001,MOBILE,Y,East,2025-08-11 15:05:40.002506
D000369,V0008,SMART_TV,Y,East,2026-02-15 15:19:43.670347
D000370,V0018,MOBILE,Y,North,2026-03-22 09:50:13.683050
D000371,V0012,SET_TOP_BOX,N,South,2026-05-08 06:39:10.488430
D000372,V0009,WEB,N,East,2026-01-11 18:15:47.495189
D000373,V0063,WEB,Y,South,2026-01-16 02:19:46.010161
D000374,V0046,SET_TOP_BOX,N,West,2025-07-07 03:59:57.057256
D000375,V0029,SET_TOP_BOX,Y,West,2025-12-28 23:12:46.086102
D000376,V0071,WEB,N,North,2025-06-14 19:46:07.675894
D000377,V0046,WEB,Y,Central,2026-04-24 21:02:11.077340
D000378,V0088,SET_TOP_BOX,N,South,2025-11-15 01:53:31.727753
D000379,V0060,MOBILE,N,Central,2025-07-27 19:39:00.069191
D000380,V0072,SET_TOP_BOX,Y,West,2026-04-23 14:41:54.579224
D000381,V0092,SMART_TV,N,East,2026-05-12 13:23:28.771901
D000382,V0065,WEB,N,North,2026-04-05 11:48:18.348588
D000383,V0039,MOBILE,Y,North,2025-07-26 23:48:44.679354
D000384,V0099,SET_TOP_BOX,N,West,2025-10-18 21:40:02.354062
D000385,V0039,WEB,N,East,2025-12-21 00:41:44.769515
D000386,V0065,SMART_TV,Y,North,2025-11-28 06:27:10.285653
D000387,V0091,WEB,Y,North,2025-08-23 06:08:17.096064
D000388,V0019,WEB,Y,South,2025-12-01 21:32:12.432430
D000389,V0035,MOBILE,Y,West,2025-06-17 03:13:07.998599
D000390,V0058,MOBILE,Y,Central,2026-03-21 16:45:19.041344
D000391,V0099,WEB,Y,West,2025-11-28 03:34:09.582548
D000392,V0048,SET_TOP_BOX,N,North,2026-02-24 15:46:14.286547
D000393,V0089,MOBILE,Y,Central,2025-11-13 21:30:49.569579
D000394,V0094,SMART_TV,Y,West,2025-12-30 19:30:41.061364
D000395,V0065,WEB,Y,East,2025-09-12 00:08:10.728957
D000396,V0073,WEB,Y,West,2025-06-09 18:49:41.399083
D000397,V0099,SET_TOP_BOX,N,Central,2026-03-19 12:29:59.626190
D000398,V0042,SET_TOP_BOX,Y,East,2025-09-11 10:28:09.079351
D000399,V0068,SMART_TV,Y,East,2026-03-07 09:24:11.932334
D000400,V0058,SMART_TV,Y,East,2025-11-01 19:56:47.198219
D000401,V0079,SMART_TV,N,West,2025-09-22 17:40:26.536195
D000402,V0045,MOBILE,Y,South,2025-10-08 03:11:17.263323
D000403,V0027,SMART_TV,Y,Central,2026-01-02 12:52:28.399287
D000404,V0054,SET_TOP_BOX,Y,West,2025-08-07 20:13:35.149428
D000405,V0023,WEB,Y,Central,2025-09-06 17:32:25.346599
D000406,V0035,MOBILE,Y,South,2026-04-22 23:13:37.226909
D000407,V0008,SET_TOP_BOX,N,North,2026-04-25 21:56:12.907449
D000408,V0088,WEB,N,Central,2026-03-14 05:46:55.971646
D000409,V0063,SET_TOP_BOX,Y,North,2026-02-03 10:26:40.554219
D000410,V0047,SET_TOP_BOX,N,South,2025-06-27 07:33:54.480742
D000411,V0085,WEB,Y,South,2026-05-05 05:51:50.258366
D000412,V0011,MOBILE,N,North,2026-04-14 00:41:59.390225
D000413,V0082,SMART_TV,N,East,2026-01-02 13:27:28.426856
D000414,V0081,SMART_TV,N,Central,2025-07-10 09:31:39.688481
D000415,V0027,SMART_TV,Y,North,2026-02-22 11:46:36.206773
D000416,V0055,MOBILE,Y,South,2026-03-08 15:04:16.627417
D000417,V0056,SMART_TV,Y,Central,2026-03-20 23:28:32.246689
D000418,V0004,WEB,Y,East,2025-07-08 23:32:21.365413
D000419,V0031,WEB,Y,Central,2025-09-03 19:05:11.828085
D000420,V0024,WEB,N,West,2025-12-10 12:58:23.841614
D000421,V0006,SMART_TV,N,East,2025-08-12 17:07:47.216806
D000422,V0077,SET_TOP_BOX,Y,Central,2025-09-15 06:28:50.900525
D000423,V0051,MOBILE,Y,North,2026-02-25 00:10:21.592541
D000424,V0051,SMART_TV,Y,East,2025-11-26 17:00:32.179123
D000425,V0009,SMART_TV,Y,East,2025-10-02 09:16:00.490723
D000426,V0080,WEB,Y,North,2026-03-24 03:15:22.121211
D000427,V0022,SMART_TV,Y,West,2026-04-11 05:42:59.503985
D000428,V0019,WEB,N,North,2026-03-04 13:31:14.254569
D000429,V0082,WEB,Y,South,2026-01-12 13:59:32.482355
D000430,V0070,SET_TOP_BOX,Y,North,2025-12-05 17:13:20.357980
D000431,V0086,WEB,Y,East,2026-01-14 18:04:41.301630
D000432,V0054,SET_TOP_BOX,Y,West,2026-01-06 07:52:22.726252
D000433,V0003,SET_TOP_BOX,N,East,2026-02-07 09:09:16.575926
D000434,V0075,SMART_TV,N,West,2025-11-10 08:49:38.428735
D000435,V0040,MOBILE,Y,North,2026-05-21 03:22:46.981902
D000436,V0088,SET_TOP_BOX,Y,South,2025-12-07 01:06:55.023338
D000437,V0013,SET_TOP_BOX,Y,Central,2025-06-27 05:28:27.046971
D000438,V0038,MOBILE,Y,East,2026-04-13 06:11:21.649709
D000439,V0010,SET_TOP_BOX,Y,South,2026-05-15 08:09:44.225551
D000440,V0076,WEB,Y,South,2026-02-12 16:23:26.024189
D000441,V0010,MOBILE,Y,Central,2025-06-10 22:45:01.535079
D000442,V0071,MOBILE,Y,East,2025-06-17 20:55:33.621212
D000443,V0013,SET_TOP_BOX,Y,North,2025-12-12 14:16:23.041005
D000444,V0067,SMART_TV,Y,East,2026-05-11 00:54:20.983276
D000445,V0001,SMART_TV,Y,South,2025-10-05 08:55:34.175326
D000446,V0006,SET_TOP_BOX,N,East,2025-06-01 08:00:49.383819
D000447,V0008,SMART_TV,N,West,2025-09-26 08:46:11.077724
D000448,V0028,MOBILE,Y,South,2025-07-14 20:26:35.439103
D000449,V0015,SMART_TV,N,North,2026-01-06 19:14:20.515931
D000450,V0097,WEB,Y,Central,2025-11-25 20:34:26.384166
D000451,V0027,SET_TOP_BOX,Y,East,2025-12-10 16:14:07.330895
D000452,V0004,SMART_TV,Y,North,2026-01-31 10:46:13.787822
D000453,V0017,MOBILE,N,South,2025-09-25 12:49:05.290359
D000454,V0064,SET_TOP_BOX,Y,South,2025-09-27 11:03:14.338824
D000455,V0016,WEB,Y,North,2026-01-01 21:06:23.717840
D000456,V0044,SET_TOP_BOX,Y,Central,2025-08-23 15:24:19.156010
D000457,V0083,SET_TOP_BOX,Y,West,2026-02-06 14:01:13.872461
D000458,V0051,SET_TOP_BOX,Y,East,2025-06-15 13:08:56.710410
D000459,V0007,WEB,Y,North,2025-10-15 02:29:04.547865
D000460,V0077,MOBILE,Y,East,2025-12-30 03:14:14.177235
D000461,V0036,SET_TOP_BOX,Y,Central,2025-11-14 15:45:18.058500
D000462,V0078,WEB,N,North,2025-11-21 22:08:20.437252
D000463,V0041,MOBILE,Y,South,2025-09-23 06:28:39.903877
D000464,V0045,SET_TOP_BOX,Y,West,2025-12-13 12:14:26.828516
D000465,V0054,WEB,N,Central,2025-10-02 11:00:38.318603
D000466,V0077,SET_TOP_BOX,N,Central,2025-08-05 19:08:19.815377
D000467,V0028,WEB,Y,South,2025-12-17 06:04:26.598689
D000468,V0087,MOBILE,Y,South,2025-09-13 04:23:47.492717
D000469,V0043,SET_TOP_BOX,Y,West,2025-07-10 10:56:06.405520
D000470,V0085,WEB,N,Central,2026-03-18 06:52:06.361784
D000471,V0013,MOBILE,Y,Central,2025-08-16 09:20:42.685832
D000472,V0023,SET_TOP_BOX,Y,South,2025-08-19 04:22:49.796668
D000473,V0095,SMART_TV,Y,North,2025-06-27 21:57:26.101412
D000474,V0074,MOBILE,N,North,2025-11-11 17:24:51.542467
D000475,V0085,SMART_TV,Y,East,2026-02-05 13:27:05.910808
D000476,V0057,SET_TOP_BOX,Y,Central,2026-03-04 15:40:46.461967
D000477,V0033,WEB,Y,Central,2025-09-29 12:35:27.840632
D000478,V0069,MOBILE,Y,East,2025-09-28 07:40:09.789981
D000479,V0075,SMART_TV,Y,North,2025-07-03 10:40:33.352142
D000480,V0026,SET_TOP_BOX,Y,Central,2025-08-17 17:32:15.004684
D000481,V0040,SET_TOP_BOX,Y,East,2025-07-20 12:59:04.866095
D000482,V0053,WEB,Y,South,2025-08-09 11:39:55.604722
D000483,V0067,MOBILE,Y,West,2025-08-20 17:59:00.638937
D000484,V0099,SMART_TV,Y,West,2025-12-26 00:37:15.025984
D000485,V0022,MOBILE,N,East,2026-03-17 23:08:46.363375
D000486,V0068,MOBILE,Y,West,2025-10-18 14:22:35.814645
D000487,V0047,MOBILE,Y,South,2026-04-23 22:17:57.345147
D000488,V0010,MOBILE,N,West,2025-10-04 20:11:40.808450
D000489,V0022,MOBILE,Y,East,2025-06-16 21:43:52.064507
D000490,V0043,SMART_TV,Y,East,2026-05-02 08:44:01.194623
D000491,V0047,WEB,Y,North,2026-02-14 20:06:21.925596
D000492,V0084,MOBILE,Y,North,2025-06-05 08:01:48.846900
D000493,V0059,SET_TOP_BOX,N,East,2026-01-25 01:54:18.445925
D000494,V0002,SET_TOP_BOX,Y,East,2025-12-01 11:42:41.084105
D000495,V0093,MOBILE,Y,South,2025-09-29 17:19:21.671490
D000496,V0076,MOBILE,N,West,2026-01-24 14:20:16.578279
D000497,V0028,SMART_TV,Y,East,2026-01-22 14:31:03.055432
D000498,V0083,SET_TOP_BOX,Y,East,2025-09-21 00:34:57.745290
D000499,V0030,SMART_TV,Y,North,2025-08-28 08:11:40.156239
D000500,V0026,SMART_TV,Y,North,2026-02-13 08:06:08.459805
D000501,V0100,WEB,N,East,2025-06-10 02:46:05.504622
D000502,V0037,SMART_TV,Y,South,2025-09-30 16:41:01.093643
D000503,V0018,MOBILE,N,North,2025-08-06 16:56:43.089869
D000504,V0089,WEB,N,Central,2025-05-29 10:09:06.312625
D000505,V0008,MOBILE,Y,West,2026-02-28 08:22:59.321392
D000506,V0081,SET_TOP_BOX,Y,West,2025-09-16 01:37:12.434888
D000507,V0066,MOBILE,Y,East,2025-08-16 15:16:29.821176
D000508,V0036,MOBILE,N,West,2025-09-09 11:06:10.227051
D000509,V0063,SET_TOP_BOX,Y,South,2026-05-05 08:35:14.332917
D000510,V0031,MOBILE,Y,South,2026-01-27 09:43:02.558733
D000511,V0039,WEB,Y,East,2025-06-10 13:41:56.297696
D000512,V0034,MOBILE,Y,West,2025-08-19 20:37:08.655456
D000513,V0042,SMART_TV,Y,East,2025-06-12 23:19:28.893197
D000514,V0031,MOBILE,Y,North,2025-10-20 21:58:22.655864
D000515,V0055,SET_TOP_BOX,Y,East,2026-01-07 19:32:00.021672
D000516,V0006,WEB,N,West,2025-09-26 02:45:02.963248
D000517,V0047,WEB,Y,West,2026-05-15 09:39:46.451379
D000518,V0003,SET_TOP_BOX,N,South,2026-02-13 21:09:57.001686
D000519,V0063,SMART_TV,Y,West,2026-04-21 05:45:02.973325
D000520,V0046,MOBILE,Y,South,2025-10-22 06:19:38.424478
D000521,V0018,MOBILE,Y,South,2026-03-07 03:09:56.950992
D000522,V0068,WEB,N,South,2025-07-21 08:23:45.426052
D000523,V0038,SET_TOP_BOX,Y,West,2025-10-27 20:18:10.953724
D000524,V0052,MOBILE,N,North,2026-02-16 18:09:46.796390
D000525,V0044,MOBILE,N,Central,2025-10-07 11:54:14.776923
D000526,V0055,SET_TOP_BOX,Y,North,2025-08-24 23:53:52.354073
D000527,V0100,MOBILE,Y,South,2025-11-03 16:38:40.934050
D000528,V0068,MOBILE,Y,Central,2026-03-09 02:59:41.624331
D000529,V0100,WEB,Y,South,2026-04-17 11:35:22.431664
D000530,V0087,SMART_TV,Y,West,2025-12-31 16:42:32.428819
D000531,V0035,WEB,N,North,2025-08-26 03:08:21.366668
D000532,V0087,WEB,Y,West,2025-12-21 04:01:51.596275
D000533,V0056,MOBILE,N,West,2025-10-08 09:47:27.708666
D000534,V0030,WEB,N,South,2026-02-18 08:27:38.664103
D000535,V0083,SET_TOP_BOX,Y,North,2026-02-28 02:12:05.312153
D000536,V0046,SMART_TV,N,North,2026-04-05 19:57:10.563632
D000537,V0066,SMART_TV,Y,East,2025-10-23 16:33:39.508435
D000538,V0016,SET_TOP_BOX,Y,West,2025-09-05 22:26:13.390155
D000539,V0090,WEB,Y,Central,2026-01-20 05:09:35.045590
D000540,V0069,SET_TOP_BOX,N,North,2025-07-17 03:51:16.362048
D000541,V0065,SET_TOP_BOX,Y,East,2026-02-12 08:50:34.466328
D000542,V0098,WEB,N,North,2026-05-02 12:08:19.503474
D000543,V0065,SET_TOP_BOX,Y,East,2026-01-15 23:48:01.148724
D000544,V0017,WEB,Y,North,2025-11-07 21:38:38.244936
D000545,V0040,SMART_TV,Y,Central,2026-04-27 04:29:20.046409
D000546,V0025,SET_TOP_BOX,Y,East,2025-10-15 13:28:18.732233
D000547,V0056,SET_TOP_BOX,Y,North,2025-11-05 01:11:54.606951
D000548,V0026,WEB,Y,East,2025-10-13 12:05:13.831363
D000549,V0092,WEB,N,North,2026-04-15 09:12:41.397994
D000550,V0031,MOBILE,Y,South,2026-01-12 01:21:57.184314
D000551,V0018,WEB,N,East,2026-02-03 23:47:19.015241
D000552,V0043,SET_TOP_BOX,Y,South,2025-09-13 12:14:55.153012
D000553,V0041,SET_TOP_BOX,Y,North,2025-06-13 19:32:28.457488
D000554,V0039,MOBILE,Y,East,2025-12-16 17:19:56.045739
D000555,V0028,SET_TOP_BOX,N,South,2025-10-11 03:26:45.875879
D000556,V0092,MOBILE,Y,North,2025-07-07 18:52:28.925180
D000557,V0088,WEB,Y,East,2025-09-23 06:32:16.025269
D000558,V0085,MOBILE,Y,North,2026-04-16 12:07:50.642041
D000559,V0034,MOBILE,Y,Central,2025-08-05 14:36:31.606066
D000560,V0068,MOBILE,Y,Central,2026-03-21 00:40:04.666572
D000561,V0003,SET_TOP_BOX,Y,North,2025-12-17 01:07:22.416278
D000562,V0056,WEB,Y,East,2026-05-25 23:49:13.763597
D000563,V0019,MOBILE,Y,West,2025-12-30 23:23:26.530709
D000564,V0032,MOBILE,Y,South,2025-06-09 19:43:31.835120
D000565,V0023,WEB,Y,Central,2026-02-18 07:17:11.880141
D000566,V0098,WEB,Y,Central,2026-04-30 18:04:07.614364
D000567,V0053,SET_TOP_BOX,N,West,2025-10-27 22:34:42.397300
D000568,V0050,MOBILE,N,North,2025-09-05 11:03:36.711798
D000569,V0003,MOBILE,Y,North,2025-10-27 21:44:04.154209
D000570,V0004,SET_TOP_BOX,Y,South,2025-12-26 08:36:30.308569
D000571,V0071,MOBILE,Y,Central,2026-02-08 17:54:36.664814
D000572,V0091,MOBILE,Y,Central,2026-02-04 20:21:52.583754
D000573,V0091,SMART_TV,Y,Central,2026-02-06 22:04:00.269706
D000574,V0064,WEB,N,South,2026-04-24 23:44:51.989461
D000575,V0063,WEB,Y,South,2025-12-08 11:59:29.002879
D000576,V0048,SMART_TV,Y,North,2025-10-19 06:43:24.106896
D000577,V0027,SMART_TV,N,South,2026-03-07 08:21:09.503970
D000578,V0094,MOBILE,Y,East,2025-08-18 02:23:04.591871
D000579,V0006,SET_TOP_BOX,N,Central,2025-10-22 11:29:01.652351
D000580,V0026,MOBILE,Y,East,2025-07-19 19:47:34.157352
D000581,V0077,WEB,N,West,2025-09-02 03:28:44.817589
D000582,V0011,MOBILE,Y,North,2025-10-05 10:18:45.631833
D000583,V0018,SMART_TV,Y,West,2026-04-17 02:46:54.058168
D000584,V0095,MOBILE,Y,Central,2026-03-08 08:25:58.959817
D000585,V0083,SET_TOP_BOX,Y,North,2026-01-01 01:08:58.734354
D000586,V0007,WEB,Y,Central,2026-04-08 03:04:53.120076
D000587,V0081,SET_TOP_BOX,N,North,2025-06-17 14:19:28.535151
D000588,V0094,SMART_TV,N,North,2026-01-17 21:51:27.059193
D000589,V0100,SMART_TV,Y,East,2026-04-21 06:20:28.709561
D000590,V0029,MOBILE,Y,North,2025-07-30 06:15:43.290692
D000591,V0085,MOBILE,Y,Central,2025-12-15 06:50:15.219234
D000592,V0097,SMART_TV,Y,East,2026-03-15 16:01:42.957716
D000593,V0086,SMART_TV,Y,North,2026-02-11 23:13:50.858557
D000594,V0058,WEB,Y,North,2026-01-25 21:40:38.575820
D000595,V0035,WEB,Y,East,2026-04-12 06:27:36.902306
D000596,V0092,SMART_TV,N,West,2025-12-12 16:28:04.587074
D000597,V0080,MOBILE,Y,Central,2026-05-02 16:09:36.871989
D000598,V0019,WEB,N,North,2025-11-03 15:14:30.305594
D000599,V0020,SET_TOP_BOX,N,East,2026-03-20 01:49:47.737514
D000600,V0084,WEB,Y,West,2025-11-11 08:43:38.270657
D000601,V0044,SMART_TV,Y,East,2026-03-10 09:19:33.893255
D000602,V0070,MOBILE,N,East,2025-08-04 13:19:56.962232
D000603,V0073,MOBILE,Y,West,2026-04-09 06:06:04.417341
D000604,V0035,SET_TOP_BOX,N,Central,2026-01-06 00:47:24.594502
D000605,V0086,SMART_TV,Y,North,2026-04-28 02:37:28.816040
D000606,V0085,MOBILE,Y,North,2025-05-31 00:44:31.879395
D000607,V0052,WEB,N,North,2026-01-05 12:19:24.176851
D000608,V0075,MOBILE,Y,Central,2026-02-18 23:28:43.165319
D000609,V0018,SET_TOP_BOX,Y,South,2026-01-04 08:02:42.696996
D000610,V0003,MOBILE,Y,East,2025-12-21 02:49:26.438060
D000611,V0093,SMART_TV,N,West,2026-01-27 12:11:39.604697
D000612,V0042,SET_TOP_BOX,Y,South,2026-04-05 12:48:30.153913
D000613,V0076,MOBILE,Y,East,2025-06-22 07:09:56.368247
D000614,V0042,MOBILE,Y,East,2025-08-04 16:04:48.509551
D000615,V0085,MOBILE,Y,North,2025-06-11 13:45:37.613569
D000616,V0030,WEB,Y,Central,2025-12-03 15:12:04.867491
D000617,V0017,MOBILE,N,North,2026-02-16 00:50:49.268206
D000618,V0049,WEB,Y,West,2026-04-06 21:45:24.662077
D000619,V0002,WEB,Y,North,2026-03-07 02:50:03.049697
D000620,V0068,WEB,N,North,2025-06-20 10:33:40.337237
D000621,V0006,SMART_TV,N,West,2025-06-08 10:23:08.554088
D000622,V0061,WEB,Y,South,2026-02-10 03:15:58.257244
D000623,V0076,WEB,Y,South,2026-02-18 13:28:36.019977
D000624,V0037,SMART_TV,Y,West,2025-12-17 07:36:32.102839
D000625,V0005,WEB,Y,Central,2025-07-03 02:08:05.990114
D000626,V0047,SET_TOP_BOX,Y,South,2025-06-19 01:04:32.076612
D000627,V0043,SET_TOP_BOX,Y,West,2026-05-24 14:45:33.586834
D000628,V0085,SET_TOP_BOX,Y,East,2026-05-10 17:19:27.367548
D000629,V0002,WEB,Y,West,2025-08-19 02:19:36.488384
D000630,V0038,SMART_TV,N,East,2025-06-25 10:57:46.406389
D000631,V0058,MOBILE,N,South,2026-02-11 15:19:12.225829
D000632,V0036,MOBILE,N,West,2026-01-05 23:26:47.731410
D000633,V0018,WEB,Y,North,2025-06-02 21:36:31.462063
D000634,V0052,SET_TOP_BOX,Y,South,2025-06-26 05:41:11.980958
D000635,V0081,SET_TOP_BOX,N,North,2026-05-28 22:19:00.100791
D000636,V0081,SMART_TV,N,West,2025-06-02 00:38:24.423988
D000637,V0043,MOBILE,Y,Central,2025-06-25 04:26:10.517970
D000638,V0047,MOBILE,Y,Central,2025-08-01 23:37:07.154712
D000639,V0034,WEB,Y,Central,2026-03-20 12:25:43.318819
D000640,V0002,MOBILE,Y,West,2026-01-16 14:29:46.229034
D000641,V0032,MOBILE,Y,West,2025-09-11 09:47:10.807625
D000642,V0089,MOBILE,Y,South,2025-06-14 05:22:51.420165
D000643,V0035,WEB,N,East,2026-01-09 02:26:51.660890
D000644,V0013,WEB,Y,North,2025-11-01 13:11:54.100224
D000645,V0086,MOBILE,Y,Central,2026-05-04 02:01:52.311677
D000646,V0001,SET_TOP_BOX,Y,West,2026-04-14 18:33:29.821219
D000647,V0006,WEB,N,North,2025-07-09 02:53:56.690587
D000648,V0062,MOBILE,Y,East,2025-08-11 09:38:31.806132
D000649,V0033,MOBILE,Y,East,2025-06-12 15:41:40.121694
D000650,V0076,SET_TOP_BOX,Y,North,2025-07-03 10:53:05.863531
D000651,V0026,WEB,Y,West,2025-10-12 13:06:41.742261
D000652,V0060,WEB,N,East,2026-05-03 02:29:55.582206
D000653,V0042,SET_TOP_BOX,Y,North,2026-02-13 09:08:57.868386
D000654,V0095,MOBILE,Y,South,2025-10-21 06:58:59.447272
D000655,V0095,SMART_TV,Y,Central,2025-12-06 03:20:23.604693
D000656,V0014,MOBILE,Y,East,2025-11-27 00:04:20.974891
D000657,V0069,MOBILE,Y,North,2025-06-23 08:46:37.620685
D000658,V0072,SET_TOP_BOX,Y,East,2026-03-28 21:56:26.320233
D000659,V0080,WEB,Y,Central,2025-10-23 22:16:52.443849
D000660,V0036,MOBILE,Y,North,2025-12-18 18:32:51.434355
D000661,V0036,SMART_TV,Y,South,2026-04-16 18:59:53.700915
D000662,V0080,SET_TOP_BOX,Y,West,2026-04-29 18:48:49.294087
D000663,V0100,SET_TOP_BOX,Y,West,2025-08-15 03:18:04.833199
D000664,V0053,MOBILE,N,South,2026-01-28 13:10:02.394617
D000665,V0045,MOBILE,Y,Central,2025-07-13 15:25:22.229237
D000666,V0088,SMART_TV,Y,East,2025-12-29 17:03:40.541506
D000667,V0094,WEB,Y,North,2025-11-22 13:51:56.159482
D000668,V0087,WEB,Y,East,2025-06-18 18:24:59.495810
D000669,V0017,SET_TOP_BOX,N,East,2025-10-11 18:53:35.276234
D000670,V0094,SET_TOP_BOX,Y,North,2026-02-10 01:01:08.585358
D000671,V0077,SET_TOP_BOX,Y,North,2026-05-22 03:25:56.354299
D000672,V0077,WEB,Y,East,2026-04-27 10:20:17.341218
D000673,V0023,SMART_TV,Y,Central,2026-05-04 23:09:10.615363
D000674,V0042,MOBILE,Y,North,2025-11-02 03:15:20.094543
D000675,V0032,SMART_TV,Y,South,2026-03-17 05:25:46.114603
D000676,V0009,SMART_TV,Y,Central,2025-09-27 02:43:41.327498
D000677,V0050,SET_TOP_BOX,Y,West,2025-12-02 05:42:25.793321
D000678,V0062,SET_TOP_BOX,Y,Central,2025-06-08 00:51:28.171144
D000679,V0088,SET_TOP_BOX,Y,East,2026-05-12 09:20:47.413352
D000680,V0046,SMART_TV,N,East,2025-06-28 13:15:35.414554
D000681,V0011,WEB,Y,North,2026-04-27 18:05:48.930919
D000682,V0082,MOBILE,Y,South,2026-01-15 02:49:25.232673
D000683,V0078,MOBILE,N,South,2025-10-26 10:06:03.626626
D000684,V0005,SET_TOP_BOX,Y,South,2025-12-01 21:46:05.768434
D000685,V0027,WEB,Y,West,2025-07-24 15:51:16.094383
D000686,V0033,SET_TOP_BOX,N,North,2026-02-05 09:02:21.375809
D000687,V0030,MOBILE,Y,West,2025-12-21 18:01:34.046470
D000688,V0018,WEB,Y,East,2025-07-07 16:07:56.353736
D000689,V0011,SET_TOP_BOX,N,North,2025-11-27 19:31:01.175936
D000690,V0044,MOBILE,Y,West,2026-02-27 05:08:09.084535
D000691,V0044,SET_TOP_BOX,Y,South,2026-01-08 02:13:28.533340
D000692,V0007,WEB,Y,Central,2026-02-20 08:56:46.558372
D000693,V0055,SET_TOP_BOX,Y,West,2026-03-13 09:48:45.532762
D000694,V0045,MOBILE,Y,Central,2026-04-15 16:52:44.482756
D000695,V0034,MOBILE,Y,West,2026-03-04 15:50:34.604862
D000696,V0096,MOBILE,Y,East,2025-12-21 09:18:44.533212
D000697,V0097,SET_TOP_BOX,N,West,2025-06-06 07:38:29.957417
D000698,V0098,WEB,N,South,2025-12-24 17:37:16.793344
D000699,V0057,SMART_TV,N,South,2025-08-02 01:35:28.021206
D000700,V0057,SMART_TV,Y,Central,2026-02-21 07:19:07.666873
D000701,V0037,WEB,Y,South,2026-02-18 06:52:29.059224
D000702,V0080,MOBILE,Y,North,2026-01-24 22:57:53.131649
D000703,V0019,WEB,N,East,2025-11-25 20:55:53.157421
D000704,V0038,MOBILE,Y,East,2025-07-17 01:19:29.078149
D000705,V0020,WEB,Y,Central,2026-01-12 09:01:53.000719
D000706,V0017,SET_TOP_BOX,N,West,2026-04-27 14:54:57.688417
D000707,V0098,SET_TOP_BOX,N,West,2025-10-25 06:39:42.792433
D000708,V0057,SET_TOP_BOX,Y,North,2026-01-12 18:37:22.631960
D000709,V0063,MOBILE,Y,West,2025-10-12 01:28:28.489686
D000710,V0088,WEB,Y,West,2025-05-29 12:26:56.034524
D000711,V0052,MOBILE,N,Central,2025-06-23 18:25:12.015128
D000712,V0004,MOBILE,Y,West,2026-05-17 13:18:55.019756
D000713,V0002,SMART_TV,Y,West,2026-04-16 16:35:26.857260
D000714,V0058,SET_TOP_BOX,Y,South,2026-04-04 03:41:32.512823
D000715,V0030,WEB,N,North,2026-05-02 11:17:02.698161
D000716,V0086,WEB,Y,North,2025-11-06 07:25:27.281281
D000717,V0054,SMART_TV,Y,South,2026-04-26 01:27:17.345057
D000718,V0001,SET_TOP_BOX,Y,South,2026-03-13 15:43:48.947181
D000719,V0062,WEB,Y,Central,2025-12-28 11:55:39.845412
D000720,V0077,SET_TOP_BOX,Y,South,2025-06-20 10:08:10.961817
D000721,V0087,WEB,Y,South,2026-04-07 03:18:42.608604
D000722,V0083,MOBILE,Y,West,2025-12-03 19:19:05.614207
D000723,V0026,WEB,N,West,2025-08-23 22:10:51.349636
D000724,V0005,SET_TOP_BOX,Y,South,2025-06-26 15:04:28.675452
D000725,V0072,MOBILE,Y,West,2026-02-04 01:00:06.835425
D000726,V0041,SMART_TV,Y,Central,2025-09-06 09:30:52.905645
D000727,V0091,SET_TOP_BOX,Y,Central,2025-11-02 01:22:26.251140
D000728,V0071,SMART_TV,N,West,2025-06-08 00:43:17.360276
D000729,V0029,WEB,Y,Central,2025-08-21 00:47:08.744380
D000730,V0077,WEB,Y,North,2026-05-13 04:00:57.559774
D000731,V0028,SMART_TV,Y,North,2026-01-10 13:00:54.246319
D000732,V0020,SMART_TV,Y,South,2025-08-13 11:27:34.707117
D000733,V0056,WEB,N,East,2025-11-30 18:55:13.827103
D000734,V0018,SMART_TV,Y,South,2025-07-09 20:21:42.731031
D000735,V0078,MOBILE,Y,East,2026-04-06 01:42:44.882381
D000736,V0007,MOBILE,Y,North,2025-07-26 19:37:21.344990
D000737,V0026,MOBILE,Y,Central,2026-03-14 11:06:36.820986
D000738,V0097,SMART_TV,Y,North,2025-08-22 22:06:37.804496
D000739,V0092,MOBILE,Y,South,2026-02-21 00:53:09.804684
D000740,V0002,SMART_TV,N,East,2025-09-21 13:04:44.346408
D000741,V0052,MOBILE,Y,South,2026-05-06 08:59:33.558100
D000742,V0095,WEB,N,Central,2026-04-09 18:50:22.394102
D000743,V0093,WEB,Y,South,2025-09-22 05:49:46.861105
D000744,V0069,WEB,Y,South,2026-02-05 03:33:36.632482
D000745,V0043,MOBILE,Y,North,2025-07-08 12:33:51.504584
D000746,V0095,SET_TOP_BOX,N,Central,2026-01-03 19:44:47.673541
D000747,V0047,SET_TOP_BOX,Y,South,2025-12-24 19:15:35.359899
D000748,V0065,SMART_TV,Y,East,2025-11-12 14:03:13.843758
D000749,V0067,SMART_TV,Y,West,2026-03-09 10:55:40.930708
D000750,V0080,SMART_TV,Y,Central,2025-12-26 01:40:50.553910
D000751,V0034,MOBILE,N,Central,2026-05-18 03:39:21.077818
D000752,V0048,SET_TOP_BOX,Y,West,2025-09-10 09:23:45.721062
D000753,V0030,SET_TOP_BOX,N,North,2025-10-30 05:29:02.227574
D000754,V0063,WEB,Y,Central,2025-06-10 05:50:41.022916
D000755,V0070,SMART_TV,N,East,2025-11-14 15:43:06.199311
D000756,V0029,SMART_TV,N,West,2026-03-22 16:22:43.737962
D000757,V0054,WEB,Y,West,2025-09-24 01:40:40.918903
D000758,V0007,SET_TOP_BOX,Y,South,2026-05-27 23:08:54.251442
D000759,V0046,SMART_TV,Y,East,2025-09-28 08:57:30.082775
D000760,V0050,SMART_TV,Y,East,2025-11-02 17:52:20.455188
D000761,V0051,SMART_TV,Y,East,2025-11-18 19:57:28.680007
D000762,V0009,SMART_TV,Y,West,2025-06-27 11:19:49.016810
D000763,V0018,MOBILE,Y,South,2026-04-29 18:12:54.024362
D000764,V0077,SET_TOP_BOX,Y,South,2025-06-29 11:18:00.710715
D000765,V0063,SMART_TV,Y,North,2026-01-04 16:30:09.289683
D000766,V0031,MOBILE,Y,South,2025-12-08 09:04:42.930643
D000767,V0067,SET_TOP_BOX,Y,West,2026-02-16 09:18:59.448640
D000768,V0060,SMART_TV,N,West,2025-09-22 11:45:03.494616
D000769,V0076,MOBILE,N,West,2026-05-14 05:09:44.342633
D000770,V0061,SET_TOP_BOX,Y,West,2025-12-08 06:36:44.605127
D000771,V0056,MOBILE,Y,West,2026-02-22 02:20:12.979585
D000772,V0024,SET_TOP_BOX,Y,East,2025-10-02 20:24:33.771276
D000773,V0066,SMART_TV,Y,East,2025-10-19 04:32:35.235200
D000774,V0081,SET_TOP_BOX,Y,East,2026-01-28 05:02:35.064406
D000775,V0063,SMART_TV,Y,North,2025-12-27 00:43:47.603694
D000776,V0046,SET_TOP_BOX,Y,East,2025-10-09 23:27:16.845350
D000777,V0039,WEB,Y,South,2025-12-27 09:38:29.521455
D000778,V0073,MOBILE,N,South,2025-09-18 21:32:41.872443
D000779,V0030,WEB,Y,South,2025-10-27 14:30:20.281524
D000780,V0094,SMART_TV,Y,West,2025-10-24 13:45:50.957303
D000781,V0077,MOBILE,Y,West,2025-11-07 23:12:38.904356
D000782,V0041,MOBILE,Y,East,2026-05-23 09:47:26.038907
D000783,V0018,SET_TOP_BOX,Y,East,2025-07-23 19:28:21.417690
D000784,V0071,MOBILE,N,South,2025-09-04 15:34:14.776031
D000785,V0095,SET_TOP_BOX,Y,North,2026-04-16 20:20:01.143675
D000786,V0058,SMART_TV,Y,East,2026-03-09 15:43:50.497813
D000787,V0019,MOBILE,Y,Central,2025-06-11 20:55:04.313879
D000788,V0093,SET_TOP_BOX,Y,East,2026-02-16 22:44:10.180915
D000789,V0060,SET_TOP_BOX,Y,East,2025-07-10 09:19:52.901451
D000790,V0069,WEB,N,East,2025-08-28 07:17:56.641683
D000791,V0051,MOBILE,N,West,2025-07-14 10:41:19.550956
D000792,V0002,SET_TOP_BOX,N,North,2026-05-10 16:19:14.974107
D000793,V0066,MOBILE,N,East,2025-08-31 07:44:44.608994
D000794,V0098,SET_TOP_BOX,N,North,2025-11-20 07:19:14.905118
D000795,V0076,MOBILE,N,South,2025-11-27 15:02:53.536738
D000796,V0003,SMART_TV,Y,North,2026-03-25 22:47:50.359347
D000797,V0099,MOBILE,Y,Central,2026-02-28 22:43:29.790635
D000798,V0075,SMART_TV,Y,South,2025-08-30 22:35:35.144402
D000799,V0002,SMART_TV,Y,South,2025-10-02 08:26:46.179556
D000800,V0004,SMART_TV,Y,West,2026-04-07 00:58:58.375862
D000801,V0012,WEB,Y,East,2026-01-09 16:11:16.952463
D000802,V0038,WEB,Y,West,2025-09-15 11:47:33.171772
D000803,V0006,WEB,Y,West,2026-01-31 20:50:54.207726
D000804,V0091,WEB,Y,North,2026-02-09 07:13:21.255614
D000805,V0067,MOBILE,Y,West,2026-05-02 03:14:00.362471
D000806,V0059,SMART_TV,Y,South,2025-10-13 13:00:23.375560
D000807,V0054,WEB,Y,South,2026-01-12 23:17:27.432790
D000808,V0036,SET_TOP_BOX,N,South,2025-11-18 00:30:18.097317
D000809,V0061,SET_TOP_BOX,Y,East,2025-09-19 17:56:08.437269
D000810,V0059,SET_TOP_BOX,Y,South,2025-09-11 10:02:41.750207
D000811,V0012,SMART_TV,Y,North,2025-10-16 22:30:41.335204
D000812,V0002,SET_TOP_BOX,Y,North,2026-05-20 01:57:02.032024
D000813,V0065,WEB,N,East,2025-07-16 18:29:42.893850
D000814,V0046,SET_TOP_BOX,Y,North,2026-03-30 22:03:49.033016
D000815,V0024,SET_TOP_BOX,Y,North,2025-06-05 20:16:11.095901
D000816,V0077,MOBILE,Y,North,2025-10-25 10:17:11.006275
D000817,V0030,SET_TOP_BOX,Y,West,2026-05-03 06:52:56.471342
D000818,V0050,SET_TOP_BOX,N,South,2025-09-06 11:22:27.424892
D000819,V0053,WEB,Y,South,2026-03-04 05:42:21.379813
D000820,V0043,MOBILE,Y,West,2025-11-07 00:10:50.011024
D000821,V0086,WEB,Y,Central,2025-11-02 04:50:52.075234
D000822,V0045,SET_TOP_BOX,Y,North,2025-06-21 12:58:15.981349
D000823,V0051,SET_TOP_BOX,Y,North,2025-12-03 07:45:27.937507
D000824,V0007,WEB,Y,North,2025-08-02 00:55:41.192031
D000825,V0095,SET_TOP_BOX,N,Central,2026-05-28 21:22:06.449077
D000826,V0060,SMART_TV,Y,West,2026-05-04 16:32:33.981837
D000827,V0010,MOBILE,Y,West,2025-10-03 10:18:59.919901
D000828,V0040,WEB,Y,East,2025-09-18 04:25:49.834366
D000829,V0075,MOBILE,N,East,2025-10-23 18:12:42.975590
D000830,V0053,WEB,Y,Central,2025-12-20 15:06:58.943295
D000831,V0005,SET_TOP_BOX,Y,West,2025-08-19 04:12:04.711349
D000832,V0086,SET_TOP_BOX,N,North,2025-06-08 15:55:49.332260
D000833,V0044,MOBILE,N,West,2026-02-05 01:01:31.424630
D000834,V0019,WEB,Y,South,2025-06-30 03:49:30.000462
D000835,V0003,SMART_TV,N,Central,2026-01-12 08:33:56.419897
D000836,V0045,WEB,Y,South,2025-10-27 20:35:49.961755
D000837,V0002,WEB,Y,East,2025-11-12 11:32:08.717283
D000838,V0098,WEB,Y,East,2025-11-14 10:37:54.167687
D000839,V0057,WEB,Y,East,2026-01-17 03:26:13.441621
D000840,V0059,SMART_TV,Y,Central,2025-07-15 22:36:16.858922
D000841,V0092,SMART_TV,N,North,2026-05-17 10:00:08.096663
D000842,V0012,MOBILE,Y,East,2025-07-24 20:30:47.889779
D000843,V0063,SMART_TV,Y,North,2026-05-05 15:48:42.645552
D000844,V0060,MOBILE,Y,South,2025-12-09 19:29:58.095945
D000845,V0054,WEB,N,Central,2025-06-07 18:58:58.388571
D000846,V0057,WEB,N,North,2025-11-05 03:12:44.770295
D000847,V0072,MOBILE,Y,South,2026-01-30 12:15:53.020440
D000848,V0019,SMART_TV,Y,West,2025-08-04 11:50:06.535220
D000849,V0020,MOBILE,Y,West,2025-06-24 17:46:21.680181
D000850,V0047,SMART_TV,N,East,2025-12-24 14:59:52.442125
D000851,V0044,WEB,Y,South,2026-03-10 08:54:16.353702
D000852,V0068,WEB,Y,South,2025-08-23 08:15:18.657063
D000853,V0089,SET_TOP_BOX,Y,South,2026-02-27 19:24:47.491410
D000854,V0043,SET_TOP_BOX,Y,East,2025-06-08 00:11:48.158797
D000855,V0096,SET_TOP_BOX,Y,Central,2026-03-17 10:37:35.123204
D000856,V0047,WEB,Y,North,2026-04-06 15:12:04.968400
D000857,V0074,SET_TOP_BOX,Y,East,2025-06-08 01:05:29.164373
D000858,V0013,MOBILE,Y,South,2025-12-18 00:58:56.736494
D000859,V0053,SMART_TV,Y,North,2026-02-07 22:34:27.755777
D000860,V0044,WEB,Y,East,2026-02-01 23:36:35.599546
D000861,V0074,SMART_TV,Y,North,2026-01-23 21:51:46.840396
D000862,V0065,WEB,N,South,2025-07-13 03:06:08.444459
D000863,V0061,SET_TOP_BOX,N,South,2026-03-17 05:23:17.116489
D000864,V0070,WEB,N,East,2025-12-14 14:22:32.479278
D000865,V0015,SMART_TV,Y,North,2025-10-01 17:02:48.195082
D000866,V0073,SMART_TV,Y,West,2025-09-01 19:34:05.102924
D000867,V0071,SET_TOP_BOX,Y,West,2025-05-31 08:21:36.067513
D000868,V0051,SMART_TV,Y,North,2025-10-17 01:16:01.663954
D000869,V0068,SMART_TV,Y,Central,2025-07-26 06:56:17.058385
D000870,V0041,MOBILE,N,North,2026-04-17 10:16:09.194441
D000871,V0050,MOBILE,Y,East,2025-09-27 09:56:52.859223
D000872,V0044,SMART_TV,Y,Central,2026-03-04 22:43:46.353229
D000873,V0046,MOBILE,Y,South,2025-10-31 00:09:29.201125
D000874,V0082,WEB,Y,South,2026-02-01 20:35:09.163017
D000875,V0024,SMART_TV,Y,South,2025-09-04 17:09:10.427710
D000876,V0092,WEB,Y,East,2025-09-26 20:43:03.217102
D000877,V0030,SMART_TV,Y,Central,2025-09-27 18:37:18.981579
D000878,V0041,SMART_TV,N,East,2025-12-11 23:54:57.020537
D000879,V0030,WEB,Y,North,2026-03-29 03:47:25.986300
D000880,V0038,SET_TOP_BOX,Y,West,2025-11-29 17:23:38.362051
D000881,V0066,MOBILE,N,South,2026-01-22 05:04:16.102805
D000882,V0007,SET_TOP_BOX,Y,West,2025-12-09 22:58:43.720414
D000883,V0060,MOBILE,Y,West,2025-10-31 18:43:50.543702
D000884,V0075,SET_TOP_BOX,N,South,2025-10-29 14:04:33.662252
D000885,V0068,SET_TOP_BOX,Y,North,2025-09-23 19:01:42.585536
D000886,V0038,WEB,Y,North,2025-09-28 12:46:15.151266
D000887,V0086,SMART_TV,Y,West,2026-03-12 11:00:51.379269
D000888,V0026,MOBILE,Y,East,2025-06-25 18:52:24.380578
D000889,V0067,MOBILE,N,South,2025-09-07 00:56:53.350128
D000890,V0041,MOBILE,Y,East,2025-10-25 18:40:45.716111
D000891,V0014,SMART_TV,Y,South,2026-03-08 15:40:57.678432
D000892,V0040,MOBILE,N,South,2025-08-02 19:48:16.366124
D000893,V0073,MOBILE,N,Central,2025-09-11 20:25:43.769922
D000894,V0015,MOBILE,Y,East,2025-09-03 23:11:39.859246
D000895,V0023,WEB,Y,West,2025-11-10 02:36:20.400468
D000896,V0099,WEB,Y,Central,2025-10-16 15:18:03.830039
D000897,V0009,MOBILE,Y,West,2025-06-01 02:14:59.983212
D000898,V0076,SMART_TV,N,West,2025-09-07 03:12:54.696589
D000899,V0007,WEB,N,Central,2026-04-29 15:56:24.416670
D000900,V0056,WEB,N,South,2025-12-25 06:39:08.583942
D000901,V0067,SET_TOP_BOX,N,South,2025-12-12 11:49:04.381978
D000902,V0070,WEB,Y,East,2025-12-01 10:31:15.351105
D000903,V0034,SMART_TV,Y,Central,2025-11-14 03:38:57.783779
D000904,V0056,SMART_TV,Y,Central,2026-02-24 13:50:27.868018
D000905,V0042,SMART_TV,Y,Central,2025-06-03 11:28:33.942958
D000906,V0082,MOBILE,N,Central,2025-11-08 00:15:07.981262
D000907,V0009,WEB,Y,South,2025-06-19 16:21:23.725933
D000908,V0035,SMART_TV,Y,South,2026-01-14 17:43:32.343228
D000909,V0073,SET_TOP_BOX,Y,North,2026-04-10 20:43:43.760901
D000910,V0073,SMART_TV,Y,Central,2026-03-07 17:44:18.491403
D000911,V0079,SMART_TV,Y,West,2026-04-25 01:51:57.239869
D000912,V0015,MOBILE,N,West,2026-04-17 19:52:24.060244
D000913,V0074,SET_TOP_BOX,Y,Central,2025-12-13 21:08:44.738802
D000914,V0001,SMART_TV,N,East,2026-04-25 09:31:35.701587
D000915,V0065,MOBILE,Y,Central,2026-04-16 16:49:47.019672
D000916,V0073,MOBILE,Y,West,2025-10-14 21:15:40.897867
D000917,V0099,SMART_TV,Y,South,2025-06-06 14:43:06.318197
D000918,V0031,WEB,Y,North,2025-07-19 04:51:44.640344
D000919,V0076,MOBILE,Y,North,2025-08-25 16:35:11.826029
D000920,V0084,MOBILE,N,South,2026-04-11 00:00:34.993696
D000921,V0072,WEB,Y,North,2025-08-13 13:54:14.025546
D000922,V0094,SMART_TV,Y,Central,2025-07-16 14:21:19.241590
D000923,V0099,SET_TOP_BOX,N,South,2025-10-22 10:48:35.566825
D000924,V0010,WEB,Y,East,2026-05-06 13:23:22.082915
D000925,V0037,SET_TOP_BOX,Y,Central,2026-04-13 19:47:40.168409
D000926,V0099,SET_TOP_BOX,N,East,2025-08-27 16:50:37.465090
D000927,V0032,WEB,Y,Central,2025-06-19 09:40:57.190664
D000928,V0094,WEB,Y,West,2026-04-20 06:09:12.147905
D000929,V0073,SMART_TV,N,South,2025-10-04 07:47:54.741780
D000930,V0064,WEB,Y,North,2025-12-09 07:14:29.718774
D000931,V0088,SMART_TV,N,North,2026-05-23 05:59:14.495581
D000932,V0096,SMART_TV,N,West,2025-07-06 05:16:48.661762
D000933,V0022,SET_TOP_BOX,Y,North,2025-06-16 10:20:14.143639
D000934,V0072,SET_TOP_BOX,Y,East,2025-06-10 15:27:36.129704
D000935,V0001,SMART_TV,Y,East,2026-02-12 13:57:46.347534
D000936,V0052,SMART_TV,N,East,2025-06-19 00:42:43.524847
D000937,V0022,SMART_TV,N,South,2026-02-03 00:48:17.018836
D000938,V0072,WEB,Y,East,2025-09-15 22:07:59.653407
D000939,V0046,SMART_TV,Y,North,2026-02-06 07:47:14.496703
D000940,V0003,WEB,Y,North,2026-04-15 08:09:00.009227
D000941,V0034,WEB,Y,Central,2026-03-04 13:53:40.287304
D000942,V0056,SMART_TV,Y,South,2025-10-09 10:08:47.978418
D000943,V0044,SET_TOP_BOX,Y,South,2026-03-26 10:06:15.597444
D000944,V0022,MOBILE,Y,East,2025-12-15 18:11:33.911425
D000945,V0086,WEB,Y,South,2026-03-29 10:59:35.775517
D000946,V0050,WEB,Y,South,2025-07-21 19:10:59.200952
D000947,V0036,MOBILE,Y,South,2025-11-21 15:42:25.865136
D000948,V0013,WEB,Y,South,2026-02-19 11:46:41.864315
D000949,V0081,SET_TOP_BOX,Y,West,2026-01-06 16:59:49.696006
D000950,V0039,SET_TOP_BOX,Y,Central,2025-07-25 08:18:35.135106
D000951,V0003,WEB,Y,West,2026-04-04 07:04:29.866198
D000952,V0070,SMART_TV,N,West,2025-11-21 17:45:32.626242
D000953,V0089,MOBILE,Y,West,2025-07-07 05:24:18.177252
D000954,V0059,MOBILE,Y,East,2025-07-17 15:02:05.301479
D000955,V0078,MOBILE,Y,South,2025-11-17 19:33:14.543133
D000956,V0024,MOBILE,Y,South,2026-03-29 20:56:56.891632
D000957,V0063,SMART_TV,Y,North,2026-03-24 17:17:54.794440
D000958,V0066,WEB,Y,Central,2025-07-28 09:41:19.691356
D000959,V0060,SET_TOP_BOX,N,South,2026-05-04 04:00:05.362563
D000960,V0016,SMART_TV,Y,Central,2025-06-30 11:53:26.140055
D000961,V0058,MOBILE,Y,North,2026-02-19 13:20:36.323251
D000962,V0068,WEB,Y,East,2026-02-02 01:43:47.692466
D000963,V0042,SET_TOP_BOX,Y,West,2025-10-29 16:53:03.815702
D000964,V0089,SET_TOP_BOX,Y,West,2025-08-24 07:40:26.508895
D000965,V0086,SET_TOP_BOX,Y,East,2025-10-17 12:26:10.860437
D000966,V0064,SMART_TV,Y,South,2026-01-19 17:20:49.788706
D000967,V0076,MOBILE,Y,South,2025-07-29 21:57:36.911261
D000968,V0100,MOBILE,N,West,2026-01-08 03:47:13.238051
D000969,V0088,SMART_TV,N,Central,2025-12-07 07:07:45.107182
D000970,V0045,MOBILE,N,East,2026-04-11 11:47:46.924044
D000971,V0076,SMART_TV,Y,South,2025-08-11 01:21:56.583064
D000972,V0065,SET_TOP_BOX,Y,South,2026-03-06 19:01:55.922291
D000973,V0090,MOBILE,Y,South,2026-03-23 14:48:59.127066
D000974,V0027,WEB,Y,North,2026-04-03 06:51:13.602629
D000975,V0020,SMART_TV,Y,South,2026-03-01 22:47:45.683747
D000976,V0006,WEB,Y,West,2026-03-13 14:02:22.447182
D000977,V0026,MOBILE,N,East,2026-05-24 05:13:22.049231
D000978,V0093,WEB,Y,West,2025-11-04 13:28:08.246494
D000979,V0018,SET_TOP_BOX,N,North,2025-11-11 23:41:39.210311
D000980,V0065,SMART_TV,Y,West,2026-04-27 09:28:58.430226
D000981,V0091,WEB,Y,South,2026-02-01 04:14:56.422387
D000982,V0013,SMART_TV,Y,North,2026-02-10 22:28:32.437516
D000983,V0038,SMART_TV,Y,East,2025-10-02 17:56:16.753878
D000984,V0085,WEB,Y,South,2025-10-08 16:04:13.267561
D000985,V0071,WEB,Y,South,2025-10-07 08:26:17.035899
D000986,V0085,SMART_TV,Y,South,2025-09-09 04:25:41.694820
D000987,V0058,WEB,Y,West,2025-11-10 00:31:35.248639
D000988,V0043,WEB,N,North,2026-04-09 20:31:13.690884
D000989,V0025,WEB,N,East,2025-11-09 14:39:41.446061
D000990,V0049,SMART_TV,N,North,2026-03-02 14:32:13.329239
D000991,V0060,SET_TOP_BOX,N,Central,2026-02-17 18:10:15.541401
D000992,V0004,WEB,Y,South,2025-07-01 05:52:06.955271
D000993,V0081,MOBILE,N,North,2025-08-14 02:01:59.306619
D000994,V0004,SET_TOP_BOX,N,Central,2025-06-30 00:53:15.694750
D000995,V0033,MOBILE,Y,Central,2025-11-08 08:52:49.273614
D000996,V0050,MOBILE,Y,East,2025-07-19 23:01:56.807784
D000997,V0061,SMART_TV,Y,West,2025-07-12 17:57:18.099895
D000998,V0011,SMART_TV,Y,North,2026-04-03 05:03:15.028889
D000999,V0012,SET_TOP_BOX,Y,West,2025-09-15 09:06:38.055640
D001000,V0051,MOBILE,Y,North,2025-07-07 20:48:06.392607
